"filename", "language", "TypeScript", "TypeScript JSX", "JSON with Comments", "Markdown", "JSON", "XML", "JavaScript", "PostCSS", "comment", "blank", "total"
"c:\Projects\NextJS\bimformative\.eslintrc.json", "JSON with Comments", 0, 0, 9, 0, 0, 0, 0, 0, 0, 1, 10
"c:\Projects\NextJS\bimformative\README.md", "Markdown", 0, 0, 0, 57, 0, 0, 0, 0, 0, 20, 77
"c:\Projects\NextJS\bimformative\app\about\page.tsx", "TypeScript JSX", 0, 125, 0, 0, 0, 0, 0, 0, 0, 6, 131
"c:\Projects\NextJS\bimformative\app\actions.ts", "TypeScript", 31, 0, 0, 0, 0, 0, 0, 0, 0, 6, 37
"c:\Projects\NextJS\bimformative\app\actions\addscript.ts", "TypeScript", 28, 0, 0, 0, 0, 0, 0, 0, 0, 8, 36
"c:\Projects\NextJS\bimformative\app\actions\clientActions.ts", "TypeScript", 107, 0, 0, 0, 0, 0, 0, 0, 5, 27, 139
"c:\Projects\NextJS\bimformative\app\actions\scripts\uploadScript.ts", "TypeScript", 65, 0, 0, 0, 0, 0, 0, 0, 4, 14, 83
"c:\Projects\NextJS\bimformative\app\actions\serverActions.ts", "TypeScript", 204, 0, 0, 0, 0, 0, 0, 0, 5, 55, 264
"c:\Projects\NextJS\bimformative\app\admin\migrate\page.tsx", "TypeScript JSX", 0, 108, 0, 0, 0, 0, 0, 0, 0, 19, 127
"c:\Projects\NextJS\bimformative\app\api\admin\migrate-clerk-users\route.ts", "TypeScript", 60, 0, 0, 0, 0, 0, 0, 0, 2, 12, 74
"c:\Projects\NextJS\bimformative\app\api\admin\migrate-stream\route.ts", "TypeScript", 130, 0, 0, 0, 0, 0, 0, 0, 11, 30, 171
"c:\Projects\NextJS\bimformative\app\api\blogs\route.ts", "TypeScript", 41, 0, 0, 0, 0, 0, 0, 0, 2, 6, 49
"c:\Projects\NextJS\bimformative\app\api\blogs\tags\route.ts", "TypeScript", 25, 0, 0, 0, 0, 0, 0, 0, 1, 4, 30
"c:\Projects\NextJS\bimformative\app\api\download\route.ts", "TypeScript", 29, 0, 0, 0, 0, 0, 0, 0, 2, 12, 43
"c:\Projects\NextJS\bimformative\app\api\handleDownload.ts", "TypeScript", 17, 0, 0, 0, 0, 0, 0, 0, 0, 1, 18
"c:\Projects\NextJS\bimformative\app\api\kitSubscribe\route.ts", "TypeScript", 53, 0, 0, 0, 0, 0, 0, 0, 8, 15, 76
"c:\Projects\NextJS\bimformative\app\api\message\route.ts", "TypeScript", 104, 0, 0, 0, 0, 0, 0, 0, 9, 25, 138
"c:\Projects\NextJS\bimformative\app\api\resourceCount\route.ts", "TypeScript", 19, 0, 0, 0, 0, 0, 0, 0, 0, 2, 21
"c:\Projects\NextJS\bimformative\app\api\resources\route.ts", "TypeScript", 47, 0, 0, 0, 0, 0, 0, 0, 2, 9, 58
"c:\Projects\NextJS\bimformative\app\api\roadmap\route.ts", "TypeScript", 25, 0, 0, 0, 0, 0, 0, 0, 1, 4, 30
"c:\Projects\NextJS\bimformative\app\api\script-versions\[versionId]\download\route.ts", "TypeScript", 34, 0, 0, 0, 0, 0, 0, 0, 2, 7, 43
"c:\Projects\NextJS\bimformative\app\api\script-versions\[versionId]\route.ts", "TypeScript", 131, 0, 0, 0, 0, 0, 0, 0, 10, 29, 170
"c:\Projects\NextJS\bimformative\app\api\script-versions\[versionId]\set-current\route.ts", "TypeScript", 74, 0, 0, 0, 0, 0, 0, 0, 5, 14, 93
"c:\Projects\NextJS\bimformative\app\api\scripts\[slug]\download\route.ts", "TypeScript", 47, 0, 0, 0, 0, 0, 0, 0, 1, 10, 58
"c:\Projects\NextJS\bimformative\app\api\scripts\[slug]\route.ts", "TypeScript", 15, 0, 0, 0, 0, 0, 0, 0, 0, 4, 19
"c:\Projects\NextJS\bimformative\app\api\scripts\[slug]\versions\route.ts", "TypeScript", 35, 0, 0, 0, 0, 0, 0, 0, 0, 7, 42
"c:\Projects\NextJS\bimformative\app\api\scripts\analyze\route.ts", "TypeScript", 40, 0, 0, 0, 0, 0, 0, 0, 3, 12, 55
"c:\Projects\NextJS\bimformative\app\api\scripts\by-id\[scriptId]\get-versions\route.ts", "TypeScript", 24, 0, 0, 0, 0, 0, 0, 0, 0, 5, 29
"c:\Projects\NextJS\bimformative\app\api\scripts\by-id\[scriptId]\route.ts", "TypeScript", 282, 0, 0, 0, 0, 0, 0, 0, 17, 58, 357
"c:\Projects\NextJS\bimformative\app\api\scripts\by-id\[scriptId]\set-active-version\route.ts", "TypeScript", 21, 0, 0, 0, 0, 0, 0, 0, 0, 5, 26
"c:\Projects\NextJS\bimformative\app\api\scripts\by-id\[scriptId]\update\route.ts", "TypeScript", 44, 0, 0, 0, 0, 0, 0, 0, 1, 8, 53
"c:\Projects\NextJS\bimformative\app\api\scripts\publish\route.ts", "TypeScript", 175, 0, 0, 0, 0, 0, 0, 0, 16, 42, 233
"c:\Projects\NextJS\bimformative\app\api\scripts\python-nodes\route.ts", "TypeScript", 36, 0, 0, 0, 0, 0, 0, 0, 1, 6, 43
"c:\Projects\NextJS\bimformative\app\api\scripts\route.ts", "TypeScript", 67, 0, 0, 0, 0, 0, 0, 0, 6, 12, 85
"c:\Projects\NextJS\bimformative\app\api\scripts\slugs\route.ts", "TypeScript", 14, 0, 0, 0, 0, 0, 0, 0, 0, 5, 19
"c:\Projects\NextJS\bimformative\app\api\scripts\upload\route.ts", "TypeScript", 146, 0, 0, 0, 0, 0, 0, 0, 8, 31, 185
"c:\Projects\NextJS\bimformative\app\api\subscribe\route.ts", "TypeScript", 60, 0, 0, 0, 0, 0, 0, 0, 9, 15, 84
"c:\Projects\NextJS\bimformative\app\api\upload\route.ts", "TypeScript", 36, 0, 0, 0, 0, 0, 0, 0, 1, 13, 50
"c:\Projects\NextJS\bimformative\app\api\users\route.ts", "TypeScript", 30, 0, 0, 0, 0, 0, 0, 0, 0, 6, 36
"c:\Projects\NextJS\bimformative\app\api\webhooks\clerk\route.ts", "TypeScript", 46, 0, 0, 0, 0, 0, 0, 0, 7, 13, 66
"c:\Projects\NextJS\bimformative\app\blog\[slug]\page.tsx", "TypeScript JSX", 0, 109, 0, 0, 0, 0, 0, 0, 8, 13, 130
"c:\Projects\NextJS\bimformative\app\blog\page.tsx", "TypeScript JSX", 0, 134, 0, 0, 0, 0, 0, 0, 1, 13, 148
"c:\Projects\NextJS\bimformative\app\blog\tag\[tag]\page.tsx", "TypeScript JSX", 0, 81, 0, 0, 0, 0, 0, 0, 1, 13, 95
"c:\Projects\NextJS\bimformative\app\canvas\page.tsx", "TypeScript JSX", 0, 30, 0, 0, 0, 0, 0, 0, 0, 6, 36
"c:\Projects\NextJS\bimformative\app\components\AboutSection.tsx", "TypeScript JSX", 0, 17, 0, 0, 0, 0, 0, 0, 1, 2, 20
"c:\Projects\NextJS\bimformative\app\components\AuthProvider.tsx", "TypeScript JSX", 0, 6, 0, 0, 0, 0, 0, 0, 0, 1, 7
"c:\Projects\NextJS\bimformative\app\components\BlogPostCard.tsx", "TypeScript JSX", 0, 52, 0, 0, 0, 0, 0, 0, 0, 4, 56
"c:\Projects\NextJS\bimformative\app\components\Blogs.tsx", "TypeScript JSX", 0, 47, 0, 0, 0, 0, 0, 0, 2, 10, 59
"c:\Projects\NextJS\bimformative\app\components\CodeBlock.tsx", "TypeScript JSX", 0, 60, 0, 0, 0, 0, 0, 0, 6, 10, 76
"c:\Projects\NextJS\bimformative\app\components\CommentForm.tsx", "TypeScript JSX", 0, 84, 0, 0, 0, 0, 0, 0, 1, 9, 94
"c:\Projects\NextJS\bimformative\app\components\ContactForm.tsx", "TypeScript JSX", 0, 161, 0, 0, 0, 0, 0, 0, 5, 26, 192
"c:\Projects\NextJS\bimformative\app\components\DataTableFacetedFilter.tsx", "TypeScript JSX", 0, 153, 0, 0, 0, 0, 0, 0, 2, 16, 171
"c:\Projects\NextJS\bimformative\app\components\Date.tsx", "TypeScript JSX", 0, 8, 0, 0, 0, 0, 0, 0, 0, 1, 9
"c:\Projects\NextJS\bimformative\app\components\DialogAssetDetails.tsx", "TypeScript JSX", 0, 65, 0, 0, 0, 0, 0, 0, 0, 8, 73
"c:\Projects\NextJS\bimformative\app\components\DialogDelete.tsx", "TypeScript JSX", 0, 34, 0, 0, 0, 0, 0, 0, 0, 1, 35
"c:\Projects\NextJS\bimformative\app\components\DialogDetails.tsx", "TypeScript JSX", 0, 221, 0, 0, 0, 0, 0, 0, 3, 16, 240
"c:\Projects\NextJS\bimformative\app\components\DialogEdit.tsx", "TypeScript JSX", 0, 155, 0, 0, 0, 0, 0, 0, 0, 6, 161
"c:\Projects\NextJS\bimformative\app\components\DownloadButton.tsx", "TypeScript JSX", 0, 57, 0, 0, 0, 0, 0, 0, 2, 7, 66
"c:\Projects\NextJS\bimformative\app\components\Footer.tsx", "TypeScript JSX", 0, 58, 0, 0, 0, 0, 0, 0, 18, 4, 80
"c:\Projects\NextJS\bimformative\app\components\FooterCTA.tsx", "TypeScript JSX", 0, 20, 0, 0, 0, 0, 0, 0, 0, 1, 21
"c:\Projects\NextJS\bimformative\app\components\Hero-2.tsx", "TypeScript JSX", 0, 19, 0, 0, 0, 0, 0, 0, 0, 1, 20
"c:\Projects\NextJS\bimformative\app\components\Hero.tsx", "TypeScript JSX", 0, 54, 0, 0, 0, 0, 0, 0, 3, 10, 67
"c:\Projects\NextJS\bimformative\app\components\InfiniteSlider.tsx", "TypeScript JSX", 0, 22, 0, 0, 0, 0, 0, 0, 0, 3, 25
"c:\Projects\NextJS\bimformative\app\components\InlineUnifiedDiff.tsx", "TypeScript JSX", 0, 70, 0, 0, 0, 0, 0, 0, 1, 9, 80
"c:\Projects\NextJS\bimformative\app\components\LatestBlogs.tsx", "TypeScript JSX", 0, 50, 0, 0, 0, 0, 0, 0, 0, 6, 56
"c:\Projects\NextJS\bimformative\app\components\LikeButton.tsx", "TypeScript JSX", 0, 38, 0, 0, 0, 0, 0, 0, 0, 5, 43
"c:\Projects\NextJS\bimformative\app\components\MeetTheDeveloper.tsx", "TypeScript JSX", 0, 26, 0, 0, 0, 0, 0, 0, 0, 2, 28
"c:\Projects\NextJS\bimformative\app\components\MobileMenu.tsx", "TypeScript JSX", 0, 76, 0, 0, 0, 0, 0, 0, 1, 3, 80
"c:\Projects\NextJS\bimformative\app\components\ModeToggle.tsx", "TypeScript JSX", 0, 31, 0, 0, 0, 0, 0, 0, 0, 6, 37
"c:\Projects\NextJS\bimformative\app\components\Navbar.tsx", "TypeScript JSX", 0, 97, 0, 0, 0, 0, 0, 0, 73, 5, 175
"c:\Projects\NextJS\bimformative\app\components\NewsletterSignup.tsx", "TypeScript JSX", 0, 61, 0, 0, 0, 0, 0, 0, 0, 12, 73
"c:\Projects\NextJS\bimformative\app\components\NotificationBar.tsx", "TypeScript JSX", 0, 18, 0, 0, 0, 0, 0, 0, 0, 4, 22
"c:\Projects\NextJS\bimformative\app\components\PageBanner.tsx", "TypeScript JSX", 0, 31, 0, 0, 0, 0, 0, 0, 0, 2, 33
"c:\Projects\NextJS\bimformative\app\components\Pagination.tsx", "TypeScript JSX", 0, 32, 0, 0, 0, 0, 0, 0, 0, 4, 36
"c:\Projects\NextJS\bimformative\app\components\ProgressBar.tsx", "TypeScript JSX", 0, 22, 0, 0, 0, 0, 0, 0, 0, 1, 23
"c:\Projects\NextJS\bimformative\app\components\ResourceHighlights.tsx", "TypeScript JSX", 0, 71, 0, 0, 0, 0, 0, 0, 0, 7, 78
"c:\Projects\NextJS\bimformative\app\components\Roadmap.tsx", "TypeScript JSX", 0, 117, 0, 0, 0, 0, 0, 0, 0, 17, 134
"c:\Projects\NextJS\bimformative\app\components\ScriptCompare.tsx", "TypeScript JSX", 0, 66, 0, 0, 0, 0, 0, 0, 3, 14, 83
"c:\Projects\NextJS\bimformative\app\components\SearchBar.tsx", "TypeScript JSX", 0, 49, 0, 0, 0, 0, 0, 0, 0, 5, 54
"c:\Projects\NextJS\bimformative\app\components\SearchBlogs.tsx", "TypeScript JSX", 0, 52, 0, 0, 0, 0, 0, 0, 0, 8, 60
"c:\Projects\NextJS\bimformative\app\components\SectionTwo.tsx", "TypeScript JSX", 0, 92, 0, 0, 0, 0, 0, 0, 19, 7, 118
"c:\Projects\NextJS\bimformative\app\components\SideBySideDiff.tsx", "TypeScript JSX", 0, 148, 0, 0, 0, 0, 0, 0, 12, 24, 184
"c:\Projects\NextJS\bimformative\app\components\SocialShare.tsx", "TypeScript JSX", 0, 20, 0, 0, 0, 0, 0, 0, 1, 4, 25
"c:\Projects\NextJS\bimformative\app\components\TagMenu.tsx", "TypeScript JSX", 0, 70, 0, 0, 0, 0, 0, 0, 0, 6, 76
"c:\Projects\NextJS\bimformative\app\components\Testimonial.tsx", "TypeScript JSX", 0, 16, 0, 0, 0, 0, 0, 0, 0, 1, 17
"c:\Projects\NextJS\bimformative\app\components\UploadDialog.tsx", "TypeScript JSX", 0, 225, 0, 0, 0, 0, 0, 0, 47, 27, 299
"c:\Projects\NextJS\bimformative\app\components\UploadForm.tsx", "TypeScript JSX", 0, 201, 0, 0, 0, 0, 0, 0, 3, 11, 215
"c:\Projects\NextJS\bimformative\app\components\UploadScript.tsx", "TypeScript JSX", 0, 25, 0, 0, 0, 0, 0, 0, 0, 2, 27
"c:\Projects\NextJS\bimformative\app\components\UserActionMenu.tsx", "TypeScript JSX", 0, 75, 0, 0, 0, 0, 0, 0, 0, 11, 86
"c:\Projects\NextJS\bimformative\app\components\UserMenu.tsx", "TypeScript JSX", 0, 23, 0, 0, 0, 0, 0, 0, 0, 2, 25
"c:\Projects\NextJS\bimformative\app\components\YouTubeButton.tsx", "TypeScript JSX", 0, 17, 0, 0, 0, 0, 0, 0, 0, 4, 21
"c:\Projects\NextJS\bimformative\app\components\YouTubePlayer.tsx", "TypeScript JSX", 0, 10, 0, 0, 0, 0, 0, 0, 0, 2, 12
"c:\Projects\NextJS\bimformative\app\components\animata\background\interactive-grid.tsx", "TypeScript JSX", 0, 145, 0, 0, 0, 0, 0, 0, 3, 24, 172
"c:\Projects\NextJS\bimformative\app\components\animata\container\marquee.tsx", "TypeScript JSX", 0, 57, 0, 0, 0, 0, 0, 0, 20, 7, 84
"c:\Projects\NextJS\bimformative\app\components\animata\text\counter.tsx", "TypeScript JSX", 0, 48, 0, 0, 0, 0, 0, 0, 18, 15, 81
"c:\Projects\NextJS\bimformative\app\components\design\Hero.tsx", "TypeScript JSX", 0, 60, 0, 0, 0, 0, 0, 0, 0, 9, 69
"c:\Projects\NextJS\bimformative\app\components\prism-loader.tsx", "TypeScript JSX", 0, 12, 0, 0, 0, 0, 0, 0, 0, 2, 14
"c:\Projects\NextJS\bimformative\app\components\scripts\ClientVersionSheet.tsx", "TypeScript JSX", 0, 36, 0, 0, 0, 0, 0, 0, 0, 4, 40
"c:\Projects\NextJS\bimformative\app\components\scripts\CompareVersionDialog.tsx", "TypeScript JSX", 0, 216, 0, 0, 0, 0, 0, 0, 8, 27, 251
"c:\Projects\NextJS\bimformative\app\components\scripts\EditDialog.tsx", "TypeScript JSX", 0, 203, 0, 0, 0, 0, 0, 0, 0, 17, 220
"c:\Projects\NextJS\bimformative\app\components\scripts\NodeValueDiff.tsx", "TypeScript JSX", 0, 75, 0, 0, 0, 0, 0, 0, 3, 8, 86
"c:\Projects\NextJS\bimformative\app\components\scripts\UpdateDialog.tsx", "TypeScript JSX", 0, 130, 0, 0, 0, 0, 0, 0, 4, 23, 157
"c:\Projects\NextJS\bimformative\app\components\scripts\VersionActionMenu.tsx", "TypeScript JSX", 0, 108, 0, 0, 0, 0, 0, 0, 3, 13, 124
"c:\Projects\NextJS\bimformative\app\components\scripts\version-columns.tsx", "TypeScript JSX", 0, 70, 0, 0, 0, 0, 0, 0, 0, 6, 76
"c:\Projects\NextJS\bimformative\app\components\scripts\version-sheet-content.tsx", "TypeScript JSX", 0, 28, 0, 0, 0, 0, 0, 0, 0, 8, 36
"c:\Projects\NextJS\bimformative\app\components\scripts\version-table.tsx", "TypeScript JSX", 0, 94, 0, 0, 0, 0, 0, 0, 0, 12, 106
"c:\Projects\NextJS\bimformative\app\components\svg\ScriptViewCanvas.tsx", "TypeScript JSX", 0, 332, 0, 0, 0, 0, 0, 0, 37, 51, 420
"c:\Projects\NextJS\bimformative\app\components\svg\SvgCanvasD3.tsx", "TypeScript JSX", 0, 230, 0, 0, 0, 0, 0, 0, 34, 43, 307
"c:\Projects\NextJS\bimformative\app\components\theme-provider.tsx", "TypeScript JSX", 0, 7, 0, 0, 0, 0, 0, 0, 0, 3, 10
"c:\Projects\NextJS\bimformative\app\contact\page.tsx", "TypeScript JSX", 0, 16, 0, 0, 0, 0, 0, 0, 0, 1, 17
"c:\Projects\NextJS\bimformative\app\dashboard\client-data-table-wrapper.tsx", "TypeScript JSX", 0, 18, 0, 0, 0, 0, 0, 0, 0, 2, 20
"c:\Projects\NextJS\bimformative\app\dashboard\datatable.tsx", "TypeScript JSX", 0, 184, 0, 0, 0, 0, 0, 0, 0, 9, 193
"c:\Projects\NextJS\bimformative\app\dashboard\page.tsx", "TypeScript JSX", 0, 103, 0, 0, 0, 0, 0, 0, 1, 9, 113
"c:\Projects\NextJS\bimformative\app\dashboard\usercolumns.tsx", "TypeScript JSX", 0, 183, 0, 0, 0, 0, 0, 0, 3, 15, 201
"c:\Projects\NextJS\bimformative\app\disclaimer\page.tsx", "TypeScript JSX", 0, 30, 0, 0, 0, 0, 0, 0, 0, 9, 39
"c:\Projects\NextJS\bimformative\app\docs\page.tsx", "TypeScript JSX", 0, 93, 0, 0, 0, 0, 0, 0, 0, 8, 101
"c:\Projects\NextJS\bimformative\app\globals.css", "PostCSS", 0, 0, 0, 0, 0, 0, 0, 81, 0, 7, 88
"c:\Projects\NextJS\bimformative\app\layout.tsx", "TypeScript JSX", 0, 59, 0, 0, 0, 0, 0, 0, 2, 4, 65
"c:\Projects\NextJS\bimformative\app\lib\api.ts", "TypeScript", 155, 0, 0, 0, 0, 0, 0, 0, 0, 23, 178
"c:\Projects\NextJS\bimformative\app\lib\auth\withAuth.ts", "TypeScript", 37, 0, 0, 0, 0, 0, 0, 0, 4, 9, 50
"c:\Projects\NextJS\bimformative\app\lib\blog.ts", "TypeScript", 16, 0, 0, 0, 0, 0, 0, 0, 0, 3, 19
"c:\Projects\NextJS\bimformative\app\lib\interface.ts", "TypeScript", 182, 0, 0, 0, 0, 0, 0, 0, 0, 22, 204
"c:\Projects\NextJS\bimformative\app\lib\sanity.ts", "TypeScript", 14, 0, 0, 0, 0, 0, 0, 0, 0, 3, 17
"c:\Projects\NextJS\bimformative\app\lib\sanityQueries.ts", "TypeScript", 4, 0, 0, 0, 0, 0, 0, 0, 0, 1, 5
"c:\Projects\NextJS\bimformative\app\lib\utils.ts", "TypeScript", 49, 0, 0, 0, 0, 0, 0, 0, 0, 13, 62
"c:\Projects\NextJS\bimformative\app\lib\withOwnerCheck.ts", "TypeScript", 89, 0, 0, 0, 0, 0, 0, 0, 7, 19, 115
"c:\Projects\NextJS\bimformative\app\lib\zodSchemas.ts", "TypeScript", 10, 0, 0, 0, 0, 0, 0, 0, 0, 1, 11
"c:\Projects\NextJS\bimformative\app\page.tsx", "TypeScript JSX", 0, 25, 0, 0, 0, 0, 0, 0, 2, 3, 30
"c:\Projects\NextJS\bimformative\app\privacy-policy\page.tsx", "TypeScript JSX", 0, 39, 0, 0, 0, 0, 0, 0, 0, 10, 49
"c:\Projects\NextJS\bimformative\app\resources\csharp-snippets\page.tsx", "TypeScript JSX", 0, 56, 0, 0, 0, 0, 0, 0, 0, 6, 62
"c:\Projects\NextJS\bimformative\app\resources\dynamo-scripts\[slug]\page.tsx", "TypeScript JSX", 0, 253, 0, 0, 0, 0, 0, 0, 11, 40, 304
"c:\Projects\NextJS\bimformative\app\resources\dynamo-scripts\by-id\page.tsx", "TypeScript JSX", 0, 208, 0, 0, 0, 0, 0, 0, 4, 14, 226
"c:\Projects\NextJS\bimformative\app\resources\dynamo-scripts\columns.tsx", "TypeScript JSX", 0, 197, 0, 0, 0, 0, 0, 0, 10, 21, 228
"c:\Projects\NextJS\bimformative\app\resources\dynamo-scripts\data-table-wrapper.tsx", "TypeScript JSX", 0, 27, 0, 0, 0, 0, 0, 0, 0, 2, 29
"c:\Projects\NextJS\bimformative\app\resources\dynamo-scripts\data-table.tsx", "TypeScript JSX", 0, 200, 0, 0, 0, 0, 0, 0, 8, 21, 229
"c:\Projects\NextJS\bimformative\app\resources\dynamo-scripts\page.tsx", "TypeScript JSX", 0, 59, 0, 0, 0, 0, 0, 0, 1, 11, 71
"c:\Projects\NextJS\bimformative\app\resources\other-assets\other-columns.tsx", "TypeScript JSX", 0, 78, 0, 0, 0, 0, 0, 0, 34, 9, 121
"c:\Projects\NextJS\bimformative\app\resources\other-assets\other-data-table.tsx", "TypeScript JSX", 0, 192, 0, 0, 0, 0, 0, 0, 0, 11, 203
"c:\Projects\NextJS\bimformative\app\resources\other-assets\page.tsx", "TypeScript JSX", 0, 36, 0, 0, 0, 0, 0, 0, 0, 6, 42
"c:\Projects\NextJS\bimformative\app\resources\page.tsx", "TypeScript JSX", 0, 19, 0, 0, 0, 0, 0, 0, 0, 3, 22
"c:\Projects\NextJS\bimformative\app\resources\python-scripts\page.tsx", "TypeScript JSX", 0, 54, 0, 0, 0, 0, 0, 0, 0, 7, 61
"c:\Projects\NextJS\bimformative\app\resources\video-tutorials\page.tsx", "TypeScript JSX", 0, 63, 0, 0, 0, 0, 0, 0, 4, 7, 74
"c:\Projects\NextJS\bimformative\app\robots.ts", "TypeScript", 13, 0, 0, 0, 0, 0, 0, 0, 0, 1, 14
"c:\Projects\NextJS\bimformative\app\schemas\contactSchema.ts", "TypeScript", 10, 0, 0, 0, 0, 0, 0, 0, 0, 3, 13
"c:\Projects\NextJS\bimformative\app\scriptcompare\page.tsx", "TypeScript JSX", 0, 147, 0, 0, 0, 0, 0, 0, 5, 24, 176
"c:\Projects\NextJS\bimformative\app\search\page.tsx", "TypeScript JSX", 0, 284, 0, 0, 0, 0, 0, 0, 6, 24, 314
"c:\Projects\NextJS\bimformative\app\sign-in\[[...sign-in]]\page.tsx", "TypeScript JSX", 0, 8, 0, 0, 0, 0, 0, 0, 0, 1, 9
"c:\Projects\NextJS\bimformative\app\sign-up\[[...sign-up]]\page.tsx", "TypeScript JSX", 0, 13, 0, 0, 0, 0, 0, 0, 0, 2, 15
"c:\Projects\NextJS\bimformative\app\sitemap.ts", "TypeScript", 103, 0, 0, 0, 0, 0, 0, 0, 0, 4, 107
"c:\Projects\NextJS\bimformative\app\tools\page.tsx", "TypeScript JSX", 0, 89, 0, 0, 0, 0, 0, 0, 0, 8, 97
"c:\Projects\NextJS\bimformative\app\upload\page.tsx", "TypeScript JSX", 0, 163, 0, 0, 0, 0, 0, 0, 0, 16, 179
"c:\Projects\NextJS\bimformative\components.json", "JSON", 0, 0, 0, 0, 24, 0, 0, 0, 0, 1, 25
"c:\Projects\NextJS\bimformative\components\ui\alert-dialog.tsx", "TypeScript JSX", 0, 127, 0, 0, 0, 0, 0, 0, 0, 15, 142
"c:\Projects\NextJS\bimformative\components\ui\alert.tsx", "TypeScript JSX", 0, 53, 0, 0, 0, 0, 0, 0, 0, 7, 60
"c:\Projects\NextJS\bimformative\components\ui\avatar.tsx", "TypeScript JSX", 0, 44, 0, 0, 0, 0, 0, 0, 0, 6, 50
"c:\Projects\NextJS\bimformative\components\ui\badge.tsx", "TypeScript JSX", 0, 31, 0, 0, 0, 0, 0, 0, 0, 6, 37
"c:\Projects\NextJS\bimformative\components\ui\button.tsx", "TypeScript JSX", 0, 51, 0, 0, 0, 0, 0, 0, 0, 6, 57
"c:\Projects\NextJS\bimformative\components\ui\card.tsx", "TypeScript JSX", 0, 71, 0, 0, 0, 0, 0, 0, 0, 9, 80
"c:\Projects\NextJS\bimformative\components\ui\carousel.tsx", "TypeScript JSX", 0, 232, 0, 0, 0, 0, 0, 0, 0, 31, 263
"c:\Projects\NextJS\bimformative\components\ui\checkbox.tsx", "TypeScript JSX", 0, 26, 0, 0, 0, 0, 0, 0, 0, 5, 31
"c:\Projects\NextJS\bimformative\components\ui\code-comparison.tsx", "TypeScript JSX", 0, 147, 0, 0, 0, 0, 0, 0, 1, 11, 159
"c:\Projects\NextJS\bimformative\components\ui\command.tsx", "TypeScript JSX", 0, 136, 0, 0, 0, 0, 0, 0, 0, 18, 154
"c:\Projects\NextJS\bimformative\components\ui\dialog.tsx", "TypeScript JSX", 0, 109, 0, 0, 0, 0, 0, 0, 0, 14, 123
"c:\Projects\NextJS\bimformative\components\ui\dot-pattern.tsx", "TypeScript JSX", 0, 52, 0, 0, 0, 0, 0, 0, 0, 5, 57
"c:\Projects\NextJS\bimformative\components\ui\dropdown-menu.tsx", "TypeScript JSX", 0, 182, 0, 0, 0, 0, 0, 0, 0, 19, 201
"c:\Projects\NextJS\bimformative\components\ui\file-upload.tsx", "TypeScript JSX", 0, 323, 0, 0, 0, 0, 0, 0, 5, 36, 364
"c:\Projects\NextJS\bimformative\components\ui\form.tsx", "TypeScript JSX", 0, 153, 0, 0, 0, 0, 0, 0, 0, 26, 179
"c:\Projects\NextJS\bimformative\components\ui\grid-pattern.tsx", "TypeScript JSX", 0, 67, 0, 0, 0, 0, 0, 0, 0, 6, 73
"c:\Projects\NextJS\bimformative\components\ui\icons.tsx", "TypeScript JSX", 0, 147, 0, 0, 0, 0, 0, 0, 0, 1, 148
"c:\Projects\NextJS\bimformative\components\ui\input.tsx", "TypeScript JSX", 0, 21, 0, 0, 0, 0, 0, 0, 0, 5, 26
"c:\Projects\NextJS\bimformative\components\ui\label.tsx", "TypeScript JSX", 0, 21, 0, 0, 0, 0, 0, 0, 0, 6, 27
"c:\Projects\NextJS\bimformative\components\ui\navigation-menu.tsx", "TypeScript JSX", 0, 117, 0, 0, 0, 0, 0, 0, 0, 12, 129
"c:\Projects\NextJS\bimformative\components\ui\popover.tsx", "TypeScript JSX", 0, 25, 0, 0, 0, 0, 0, 0, 0, 7, 32
"c:\Projects\NextJS\bimformative\components\ui\progress.tsx", "TypeScript JSX", 0, 24, 0, 0, 0, 0, 0, 0, 0, 5, 29
"c:\Projects\NextJS\bimformative\components\ui\radio-group.tsx", "TypeScript JSX", 0, 39, 0, 0, 0, 0, 0, 0, 0, 6, 45
"c:\Projects\NextJS\bimformative\components\ui\scroll-area.tsx", "TypeScript JSX", 0, 43, 0, 0, 0, 0, 0, 0, 0, 6, 49
"c:\Projects\NextJS\bimformative\components\ui\select.tsx", "TypeScript JSX", 0, 146, 0, 0, 0, 0, 0, 0, 0, 15, 161
"c:\Projects\NextJS\bimformative\components\ui\separator.tsx", "TypeScript JSX", 0, 27, 0, 0, 0, 0, 0, 0, 0, 5, 32
"c:\Projects\NextJS\bimformative\components\ui\sheet.tsx", "TypeScript JSX", 0, 125, 0, 0, 0, 0, 0, 0, 0, 16, 141
"c:\Projects\NextJS\bimformative\components\ui\skeleton.tsx", "TypeScript JSX", 0, 13, 0, 0, 0, 0, 0, 0, 0, 3, 16
"c:\Projects\NextJS\bimformative\components\ui\switch.tsx", "TypeScript JSX", 0, 25, 0, 0, 0, 0, 0, 0, 0, 5, 30
"c:\Projects\NextJS\bimformative\components\ui\table.tsx", "TypeScript JSX", 0, 107, 0, 0, 0, 0, 0, 0, 0, 11, 118
"c:\Projects\NextJS\bimformative\components\ui\tabs.tsx", "TypeScript JSX", 0, 48, 0, 0, 0, 0, 0, 0, 0, 8, 56
"c:\Projects\NextJS\bimformative\components\ui\tags-input.tsx", "TypeScript JSX", 0, 267, 0, 0, 0, 0, 0, 0, 14, 32, 313
"c:\Projects\NextJS\bimformative\components\ui\textarea.tsx", "TypeScript JSX", 0, 19, 0, 0, 0, 0, 0, 0, 0, 4, 23
"c:\Projects\NextJS\bimformative\components\ui\toast.tsx", "TypeScript JSX", 0, 116, 0, 0, 0, 0, 0, 0, 0, 14, 130
"c:\Projects\NextJS\bimformative\components\ui\toaster.tsx", "TypeScript JSX", 0, 32, 0, 0, 0, 0, 0, 0, 0, 4, 36
"c:\Projects\NextJS\bimformative\components\ui\tooltip.tsx", "TypeScript JSX", 0, 23, 0, 0, 0, 0, 0, 0, 0, 8, 31
"c:\Projects\NextJS\bimformative\folderstructure.md", "Markdown", 0, 0, 0, 60, 0, 0, 0, 0, 0, 4, 64
"c:\Projects\NextJS\bimformative\hooks\use-toast.ts", "TypeScript", 160, 0, 0, 0, 0, 0, 0, 0, 3, 32, 195
"c:\Projects\NextJS\bimformative\lib\diff\diffScripts.ts", "TypeScript", 52, 0, 0, 0, 0, 0, 0, 0, 4, 12, 68
"c:\Projects\NextJS\bimformative\lib\supabase\client.ts", "TypeScript", 5, 0, 0, 0, 0, 0, 0, 0, 0, 1, 6
"c:\Projects\NextJS\bimformative\lib\supabase\db.ts", "TypeScript", 29, 0, 0, 0, 0, 0, 0, 0, 0, 8, 37
"c:\Projects\NextJS\bimformative\lib\supabase\server.ts", "TypeScript", 8, 0, 0, 0, 0, 0, 0, 0, 0, 1, 9
"c:\Projects\NextJS\bimformative\lib\supabase\storage.ts", "TypeScript", 32, 0, 0, 0, 0, 0, 0, 0, 1, 11, 44
"c:\Projects\NextJS\bimformative\lib\utils.ts", "TypeScript", 5, 0, 0, 0, 0, 0, 0, 0, 0, 2, 7
"c:\Projects\NextJS\bimformative\middleware.ts", "TypeScript", 37, 0, 0, 0, 0, 0, 0, 0, 15, 10, 62
"c:\Projects\NextJS\bimformative\next.config.ts", "TypeScript", 40, 0, 0, 0, 0, 0, 0, 0, 1, 5, 46
"c:\Projects\NextJS\bimformative\package-lock.json", "JSON", 0, 0, 0, 0, 28587, 0, 0, 0, 0, 1, 28588
"c:\Projects\NextJS\bimformative\package.json", "JSON", 0, 0, 0, 0, 108, 0, 0, 0, 0, 1, 109
"c:\Projects\NextJS\bimformative\postcss.config.mjs", "JavaScript", 0, 0, 0, 0, 0, 0, 6, 0, 1, 2, 9
"c:\Projects\NextJS\bimformative\public\bim-icons\svg\civil-3d-icon.svg", "XML", 0, 0, 0, 0, 0, 1, 0, 0, 0, 0, 1
"c:\Projects\NextJS\bimformative\public\bim-icons\svg\revit-icon.svg", "XML", 0, 0, 0, 0, 0, 1, 0, 0, 0, 0, 1
"c:\Projects\NextJS\bimformative\public\envelope-solid.svg", "XML", 0, 0, 0, 0, 0, 1, 0, 0, 0, 0, 1
"c:\Projects\NextJS\bimformative\public\file.svg", "XML", 0, 0, 0, 0, 0, 1, 0, 0, 0, 0, 1
"c:\Projects\NextJS\bimformative\public\globe.svg", "XML", 0, 0, 0, 0, 0, 1, 0, 0, 0, 0, 1
"c:\Projects\NextJS\bimformative\public\insta.svg", "XML", 0, 0, 0, 0, 0, 74, 0, 0, 0, 1, 75
"c:\Projects\NextJS\bimformative\public\linkedin-brands-solid.svg", "XML", 0, 0, 0, 0, 0, 1, 0, 0, 0, 0, 1
"c:\Projects\NextJS\bimformative\public\linkedin.svg", "XML", 0, 0, 0, 0, 0, 80, 0, 0, 0, 1, 81
"c:\Projects\NextJS\bimformative\public\next.svg", "XML", 0, 0, 0, 0, 0, 1, 0, 0, 0, 0, 1
"c:\Projects\NextJS\bimformative\public\social-media\github.svg", "XML", 0, 0, 0, 0, 0, 1, 0, 0, 0, 0, 1
"c:\Projects\NextJS\bimformative\public\social-media\gmail.svg", "XML", 0, 0, 0, 0, 0, 1, 0, 0, 0, 0, 1
"c:\Projects\NextJS\bimformative\public\social-media\linkedin.svg", "XML", 0, 0, 0, 0, 0, 1, 0, 0, 0, 0, 1
"c:\Projects\NextJS\bimformative\public\social-media\x.svg", "XML", 0, 0, 0, 0, 0, 1, 0, 0, 0, 0, 1
"c:\Projects\NextJS\bimformative\public\social-media\youtube-dark.svg", "XML", 0, 0, 0, 0, 0, 1, 0, 0, 0, 0, 1
"c:\Projects\NextJS\bimformative\public\social-media\youtube-light.svg", "XML", 0, 0, 0, 0, 0, 1, 0, 0, 0, 0, 1
"c:\Projects\NextJS\bimformative\public\square-github-brands-solid.svg", "XML", 0, 0, 0, 0, 0, 1, 0, 0, 0, 0, 1
"c:\Projects\NextJS\bimformative\public\square-instagram-brands-solid.svg", "XML", 0, 0, 0, 0, 0, 1, 0, 0, 0, 0, 1
"c:\Projects\NextJS\bimformative\public\square-x-twitter-brands-solid.svg", "XML", 0, 0, 0, 0, 0, 1, 0, 0, 0, 0, 1
"c:\Projects\NextJS\bimformative\public\square.svg", "XML", 0, 0, 0, 0, 0, 10, 0, 0, 0, 1, 11
"c:\Projects\NextJS\bimformative\public\tech-icons\ai.svg", "XML", 0, 0, 0, 0, 0, 56, 0, 0, 0, 1, 57
"c:\Projects\NextJS\bimformative\public\tech-icons\autocad.svg", "XML", 0, 0, 0, 0, 0, 7, 0, 0, 0, 0, 7
"c:\Projects\NextJS\bimformative\public\tech-icons\c-sharp-c.svg", "XML", 0, 0, 0, 0, 0, 1, 0, 0, 0, 0, 1
"c:\Projects\NextJS\bimformative\public\tech-icons\canva.svg", "XML", 0, 0, 0, 0, 0, 77, 0, 0, 0, 1, 78
"c:\Projects\NextJS\bimformative\public\tech-icons\chatgpt.svg", "XML", 0, 0, 0, 0, 0, 61, 0, 0, 0, 1, 62
"c:\Projects\NextJS\bimformative\public\tech-icons\chrome.svg", "XML", 0, 0, 0, 0, 0, 64, 0, 0, 0, 1, 65
"c:\Projects\NextJS\bimformative\public\tech-icons\creativecloud.svg", "XML", 0, 0, 0, 0, 0, 49, 0, 0, 0, 1, 50
"c:\Projects\NextJS\bimformative\public\tech-icons\discord.svg", "XML", 0, 0, 0, 0, 0, 44, 0, 0, 0, 1, 45
"c:\Projects\NextJS\bimformative\public\tech-icons\figma.svg", "XML", 0, 0, 0, 0, 0, 84, 0, 0, 0, 1, 85
"c:\Projects\NextJS\bimformative\public\tech-icons\framer.svg", "XML", 0, 0, 0, 0, 0, 61, 0, 0, 0, 1, 62
"c:\Projects\NextJS\bimformative\public\tech-icons\github.svg", "XML", 0, 0, 0, 0, 0, 61, 0, 0, 0, 1, 62
"c:\Projects\NextJS\bimformative\public\tech-icons\micro.svg", "XML", 0, 0, 0, 0, 0, 74, 0, 0, 0, 1, 75
"c:\Projects\NextJS\bimformative\public\tech-icons\notion.svg", "XML", 0, 0, 0, 0, 0, 61, 0, 0, 0, 1, 62
"c:\Projects\NextJS\bimformative\public\tech-icons\pr.svg", "XML", 0, 0, 0, 0, 0, 64, 0, 0, 0, 1, 65
"c:\Projects\NextJS\bimformative\public\tech-icons\ps.svg", "XML", 0, 0, 0, 0, 0, 69, 0, 0, 0, 1, 70
"c:\Projects\NextJS\bimformative\public\tech-icons\python.svg", "XML", 0, 0, 0, 0, 0, 1, 0, 0, 0, 0, 1
"c:\Projects\NextJS\bimformative\public\tech-icons\revit_grande.svg", "XML", 0, 0, 0, 0, 0, 30, 0, 0, 0, 1, 31
"c:\Projects\NextJS\bimformative\public\tech-icons\sketch.svg", "XML", 0, 0, 0, 0, 0, 77, 0, 0, 0, 1, 78
"c:\Projects\NextJS\bimformative\public\tech-icons\slack.svg", "XML", 0, 0, 0, 0, 0, 59, 0, 0, 0, 1, 60
"c:\Projects\NextJS\bimformative\public\tech-icons\youtube-black.svg", "XML", 0, 0, 0, 0, 0, 1, 0, 0, 0, 0, 1
"c:\Projects\NextJS\bimformative\public\tech-icons\youtube-color.svg", "XML", 0, 0, 0, 0, 0, 1, 0, 0, 0, 0, 1
"c:\Projects\NextJS\bimformative\public\tech-icons\youtube.svg", "XML", 0, 0, 0, 0, 0, 49, 0, 0, 0, 1, 50
"c:\Projects\NextJS\bimformative\public\tunnel-100.svg", "XML", 0, 0, 0, 0, 0, 12, 0, 0, 0, 0, 12
"c:\Projects\NextJS\bimformative\public\twitter.svg", "XML", 0, 0, 0, 0, 0, 49, 0, 0, 0, 1, 50
"c:\Projects\NextJS\bimformative\public\vercel.svg", "XML", 0, 0, 0, 0, 0, 1, 0, 0, 0, 0, 1
"c:\Projects\NextJS\bimformative\public\window.svg", "XML", 0, 0, 0, 0, 0, 1, 0, 0, 0, 0, 1
"c:\Projects\NextJS\bimformative\public\youtube-brands-solid.svg", "XML", 0, 0, 0, 0, 0, 1, 0, 0, 0, 0, 1
"c:\Projects\NextJS\bimformative\sanity\README.md", "Markdown", 0, 0, 0, 6, 0, 0, 0, 0, 0, 4, 10
"c:\Projects\NextJS\bimformative\sanity\package-lock.json", "JSON", 0, 0, 0, 0, 21207, 0, 0, 0, 0, 1, 21208
"c:\Projects\NextJS\bimformative\sanity\package.json", "JSON", 0, 0, 0, 0, 44, 0, 0, 0, 0, 1, 45
"c:\Projects\NextJS\bimformative\sanity\sanity-plugin-media.d.ts", "TypeScript", 1, 0, 0, 0, 0, 0, 0, 0, 0, 0, 1
"c:\Projects\NextJS\bimformative\sanity\sanity.cli.ts", "TypeScript", 9, 0, 0, 0, 0, 0, 0, 0, 4, 2, 15
"c:\Projects\NextJS\bimformative\sanity\schemaTypes\author.ts", "TypeScript", 68, 0, 0, 0, 0, 0, 0, 0, 0, 2, 70
"c:\Projects\NextJS\bimformative\sanity\schemaTypes\blockContentType.ts", "TypeScript", 38, 0, 0, 0, 0, 0, 0, 0, 0, 1, 39
"c:\Projects\NextJS\bimformative\sanity\schemaTypes\blog.ts", "TypeScript", 107, 0, 0, 0, 0, 0, 0, 0, 0, 2, 109
"c:\Projects\NextJS\bimformative\sanity\schemaTypes\codeType.ts", "TypeScript", 20, 0, 0, 0, 0, 0, 0, 0, 0, 1, 21
"c:\Projects\NextJS\bimformative\sanity\schemaTypes\comments.ts", "TypeScript", 45, 0, 0, 0, 0, 0, 0, 0, 0, 2, 47
"c:\Projects\NextJS\bimformative\sanity\schemaTypes\contactmessage.ts", "TypeScript", 55, 0, 0, 0, 0, 0, 0, 0, 0, 2, 57
"c:\Projects\NextJS\bimformative\sanity\schemaTypes\docsType.ts", "TypeScript", 36, 0, 0, 0, 0, 0, 0, 0, 0, 1, 37
"c:\Projects\NextJS\bimformative\sanity\schemaTypes\dynamoscript.ts", "TypeScript", 99, 0, 0, 0, 0, 0, 0, 0, 0, 1, 100
"c:\Projects\NextJS\bimformative\sanity\schemaTypes\dynamosoftwares.ts", "TypeScript", 18, 0, 0, 0, 0, 0, 0, 0, 0, 1, 19
"c:\Projects\NextJS\bimformative\sanity\schemaTypes\index.ts", "TypeScript", 32, 0, 0, 0, 0, 0, 0, 0, 0, 1, 33
"c:\Projects\NextJS\bimformative\sanity\schemaTypes\otherassets.ts", "TypeScript", 54, 0, 0, 0, 0, 0, 0, 0, 0, 1, 55
"c:\Projects\NextJS\bimformative\sanity\schemaTypes\project.ts", "TypeScript", 34, 0, 0, 0, 0, 0, 0, 0, 0, 1, 35
"c:\Projects\NextJS\bimformative\sanity\schemaTypes\roadmapItems.ts", "TypeScript", 42, 0, 0, 0, 0, 0, 0, 0, 0, 1, 43
"c:\Projects\NextJS\bimformative\sanity\schemaTypes\tag.ts", "TypeScript", 23, 0, 0, 0, 0, 0, 0, 0, 0, 1, 24
"c:\Projects\NextJS\bimformative\sanity\schemaTypes\testimonial.ts", "TypeScript", 46, 0, 0, 0, 0, 0, 0, 0, 0, 1, 47
"c:\Projects\NextJS\bimformative\sanity\schemaTypes\videoTutorial.ts", "TypeScript", 29, 0, 0, 0, 0, 0, 0, 0, 0, 1, 30
"c:\Projects\NextJS\bimformative\sanity\schemaTypes\youTubeType\YouTubePreview.tsx", "TypeScript JSX", 0, 14, 0, 0, 0, 0, 0, 0, 0, 2, 16
"c:\Projects\NextJS\bimformative\sanity\schemaTypes\youTubeType\index.ts", "TypeScript", 22, 0, 0, 0, 0, 0, 0, 0, 0, 2, 24
"c:\Projects\NextJS\bimformative\sanity\tsconfig.json", "JSON with Comments", 0, 0, 17, 0, 0, 0, 0, 0, 0, 1, 18
"c:\Projects\NextJS\bimformative\tailwind.config.ts", "TypeScript", 91, 0, 0, 0, 0, 0, 0, 0, 0, 3, 94
"c:\Projects\NextJS\bimformative\tsconfig.json", "JSON with Comments", 0, 0, 27, 0, 0, 0, 0, 0, 0, 1, 28
"c:\Projects\NextJS\bimformative\video.d.ts", "TypeScript", 0, 0, 0, 0, 0, 0, 0, 0, 1, 1, 2
"c:\Projects\NextJS\bimformative\videos\introvideo.mp4.json", "JSON", 0, 0, 0, 0, 1, 0, 0, 0, 0, 0, 1
"Total", "-", 4261, 11659, 53, 123, 49971, 1295, 6, 81, 634, 2197, 70280